k,inertia,silhouette
2,185.78303397102255,0.3360948087177744
3,131.05079627147785,0.35321121336212014
4,101.21592752107578,0.3062872984636715
5,85.06180546651372,0.3163463102400016
6,74.5971625817803,0.29543551047835687
7,63.63226426437354,0.30643613165992156
8,57.61307231286301,0.2735023764557809
