Cluster,Recency_mean,Recency_median,Recency_count,Frequency_mean,Frequency_median,Frequency_count,Monetary_mean,Monetary_median,Monetary_count
0,11.38888888888889,11.0,54,8.61111111111111,9.0,54,2133.3994444444447,2258.145,54
1,48.64705882352941,45.0,17,8.058823529411764,9.0,17,1798.3664705882352,2054.11,17
2,12.448275862068966,11.0,29,13.689655172413794,13.0,29,3628.3603448275862,3689.78,29
