antecedents,consequents,antecedent support,consequent support,support,confidence,lift,representativity,leverage,conviction,zhangs_metric,jaccard,certainty,kulczynski
Producto 14,Producto 18,0.03414634146341464,0.03414634146341464,0.0065040650406504065,0.19047619047619047,5.578231292517006,1.0,0.005338092405314297,1.1931133428981349,0.8497474747474748,0.10526315789473682,0.16185666185666184,0.19047619047619047
Producto 18,Producto 14,0.03414634146341464,0.03414634146341464,0.0065040650406504065,0.19047619047619047,5.578231292517006,1.0,0.005338092405314297,1.1931133428981349,0.8497474747474748,0.10526315789473682,0.16185666185666184,0.19047619047619047
Producto 6,Producto 35,0.03577235772357724,0.03902439024390244,0.0065040650406504065,0.18181818181818182,4.659090909090909,1.0,0.0051080705929010504,1.1745257452574527,0.8145025295109611,0.09523809523809523,0.148592524227042,0.17424242424242425
Producto 35,Producto 6,0.03902439024390244,0.03577235772357724,0.0065040650406504065,0.16666666666666666,4.659090909090908,1.0,0.0051080705929010504,1.1570731707317072,0.817258883248731,0.09523809523809523,0.1357504215851602,0.17424242424242425
Producto 35,Producto 22,0.03902439024390244,0.03739837398373984,0.0065040650406504065,0.16666666666666666,4.456521739130435,1.0,0.005044616299821535,1.155121951219512,0.8071065989847717,0.09302325581395349,0.13429054054054054,0.17028985507246375
Producto 22,Producto 35,0.03739837398373984,0.03902439024390244,0.0065040650406504065,0.17391304347826086,4.456521739130435,1.0,0.005044616299821535,1.1632862644415918,0.8057432432432432,0.09302325581395349,0.14036636504082983,0.17028985507246375
